date,country,position,track_id,streams
2015-04-25,ar,1,4Ld3RS6KBXGsvtfmnjxlVl,47473
2015-04-26,ar,1,4Ld3RS6KBXGsvtfmnjxlVl,40356
2015-04-27,ar,1,4Ld3RS6KBXGsvtfmnjxlVl,35729
2015-04-28,ar,1,4Ld3RS6KBXGsvtfmnjxlVl,35830
2015-04-29,ar,1,4Ld3RS6KBXGsvtfmnjxlVl,36188
2015-04-30,ar,1,4Ld3RS6KBXGsvtfmnjxlVl,38305
2015-05-01,ar,1,4Ld3RS6KBXGsvtfmnjxlVl,44771
2015-05-02,ar,1,4Ld3RS6KBXGsvtfmnjxlVl,45306
2015-05-03,ar,1,4Ld3RS6KBXGsvtfmnjxlVl,34696
2015-05-04,ar,1,4Ld3RS6KBXGsvtfmnjxlVl,33361
2015-05-05,ar,1,4Ld3RS6KBXGsvtfmnjxlVl,34443
2015-05-06,ar,1,4Ld3RS6KBXGsvtfmnjxlVl,35316
2015-05-07,ar,1,4Ld3RS6KBXGsvtfmnjxlVl,36171
2015-05-08,ar,1,4Ld3RS6KBXGsvtfmnjxlVl,40697
2015-05-09,ar,1,4Ld3RS6KBXGsvtfmnjxlVl,50012
2015-05-10,ar,1,4Ld3RS6KBXGsvtfmnjxlVl,45275
2015-05-11,ar,1,4Ld3RS6KBXGsvtfmnjxlVl,37242
2015-05-13,ar,1,4Ld3RS6KBXGsvtfmnjxlVl,38970
2015-05-14,ar,1,4Ld3RS6KBXGsvtfmnjxlVl,40062
2015-05-15,ar,1,4Ld3RS6KBXGsvtfmnjxlVl,40016
2015-05-16,ar,1,4Ld3RS6KBXGsvtfmnjxlVl,53168
2015-05-17,ar,1,4Ld3RS6KBXGsvtfmnjxlVl,47867
2015-05-18,ar,1,4Ld3RS6KBXGsvtfmnjxlVl,39531
2015-05-19,ar,1,4Ld3RS6KBXGsvtfmnjxlVl,39665
2015-05-20,ar,1,4Ld3RS6KBXGsvtfmnjxlVl,41686
2015-05-21,ar,1,4Ld3RS6KBXGsvtfmnjxlVl,42870
2015-05-22,ar,1,4Ld3RS6KBXGsvtfmnjxlVl,46438
2015-05-23,ar,1,4Ld3RS6KBXGsvtfmnjxlVl,52927
2015-05-24,ar,1,4Ld3RS6KBXGsvtfmnjxlVl,48181
2015-05-26,ar,1,4Ld3RS6KBXGsvtfmnjxlVl,37018
2015-05-27,ar,1,4Ld3RS6KBXGsvtfmnjxlVl,38545
2015-05-28,ar,1,4Ld3RS6KBXGsvtfmnjxlVl,38086
2015-05-29,ar,1,4Ld3RS6KBXGsvtfmnjxlVl,43837
2015-05-30,ar,1,4Ld3RS6KBXGsvtfmnjxlVl,52813
2015-05-31,ar,1,4Ld3RS6KBXGsvtfmnjxlVl,48133
2015-06-01,ar,1,4Ld3RS6KBXGsvtfmnjxlVl,38929
2015-06-03,ar,1,4Ld3RS6KBXGsvtfmnjxlVl,40516
2015-06-05,ar,1,4Ld3RS6KBXGsvtfmnjxlVl,50801
2015-06-06,ar,1,4Ld3RS6KBXGsvtfmnjxlVl,55710
2015-06-07,ar,1,4Ld3RS6KBXGsvtfmnjxlVl,50975
2015-06-08,ar,1,4Ld3RS6KBXGsvtfmnjxlVl,42847
2015-06-09,ar,1,4Ld3RS6KBXGsvtfmnjxlVl,46101
2015-06-10,ar,1,4Ld3RS6KBXGsvtfmnjxlVl,44119
2015-06-11,ar,1,4Ld3RS6KBXGsvtfmnjxlVl,42521
2015-06-12,ar,1,4Ld3RS6KBXGsvtfmnjxlVl,46769
2015-06-13,ar,1,4Ld3RS6KBXGsvtfmnjxlVl,49124
2015-06-14,ar,1,4Ld3RS6KBXGsvtfmnjxlVl,45972
2015-06-15,ar,1,4Ld3RS6KBXGsvtfmnjxlVl,41410
2015-06-16,ar,1,4Ld3RS6KBXGsvtfmnjxlVl,39503
2015-06-17,ar,1,4Ld3RS6KBXGsvtfmnjxlVl,38947
2015-06-18,ar,1,4Ld3RS6KBXGsvtfmnjxlVl,39190
2015-06-19,ar,1,4Ld3RS6KBXGsvtfmnjxlVl,42370
2015-06-20,ar,1,4Ld3RS6KBXGsvtfmnjxlVl,47297
2015-06-21,ar,1,4Ld3RS6KBXGsvtfmnjxlVl,44909
2015-06-22,ar,1,4Ld3RS6KBXGsvtfmnjxlVl,38544
2015-06-23,ar,1,4Ld3RS6KBXGsvtfmnjxlVl,38143
2015-06-24,ar,1,4Ld3RS6KBXGsvtfmnjxlVl,38262
2015-06-25,ar,1,4Ld3RS6KBXGsvtfmnjxlVl,41069
2015-06-26,ar,1,4Ld3RS6KBXGsvtfmnjxlVl,45237
2015-06-27,ar,1,4Ld3RS6KBXGsvtfmnjxlVl,48351
2015-06-28,ar,1,4Ld3RS6KBXGsvtfmnjxlVl,45459
2015-06-29,ar,1,4Ld3RS6KBXGsvtfmnjxlVl,42517
2015-06-30,ar,1,4Ld3RS6KBXGsvtfmnjxlVl,40334
2015-07-01,ar,1,4Ld3RS6KBXGsvtfmnjxlVl,38990
2015-07-02,ar,1,4Ld3RS6KBXGsvtfmnjxlVl,40610
2015-07-03,ar,1,4Ld3RS6KBXGsvtfmnjxlVl,43320
2015-07-04,ar,1,4Ld3RS6KBXGsvtfmnjxlVl,40952
2015-07-05,ar,1,4Ld3RS6KBXGsvtfmnjxlVl,41719
2015-07-08,ar,1,4Ld3RS6KBXGsvtfmnjxlVl,42426
2015-07-09,ar,1,4Ld3RS6KBXGsvtfmnjxlVl,44120
2015-07-10,ar,1,4Ld3RS6KBXGsvtfmnjxlVl,42200
2015-07-15,ar,1,4Ld3RS6KBXGsvtfmnjxlVl,38788
2015-07-16,ar,1,4Ld3RS6KBXGsvtfmnjxlVl,41153
2015-07-17,ar,1,4Ld3RS6KBXGsvtfmnjxlVl,43765
2015-07-18,ar,1,4Ld3RS6KBXGsvtfmnjxlVl,47457
2015-07-19,ar,1,4Ld3RS6KBXGsvtfmnjxlVl,45304
2015-07-20,ar,1,7LrrGFdnRwEwOSS59qF05G,42251
2015-07-21,ar,1,4Ld3RS6KBXGsvtfmnjxlVl,41653
2015-07-22,ar,1,4Ld3RS6KBXGsvtfmnjxlVl,39853
2015-07-23,ar,1,4Ld3RS6KBXGsvtfmnjxlVl,41396
2015-07-25,ar,1,4Ld3RS6KBXGsvtfmnjxlVl,48179
2015-07-26,ar,1,4Ld3RS6KBXGsvtfmnjxlVl,44184
2015-07-29,ar,1,4Ld3RS6KBXGsvtfmnjxlVl,41811
2015-07-30,ar,1,4WjH9Bzt3kx7z8kl0awxh4,40733
2015-07-31,ar,1,70OTIpw8x8UXUsuCHW9i1i,68677
2015-08-01,ar,1,16Hpbs3EP9JtLiWPozHhYs,48407
2015-08-02,ar,1,16Hpbs3EP9JtLiWPozHhYs,43957
2015-08-04,ar,1,4WjH9Bzt3kx7z8kl0awxh4,39368
2015-08-05,ar,1,4WjH9Bzt3kx7z8kl0awxh4,40243
2015-08-06,ar,1,4WjH9Bzt3kx7z8kl0awxh4,42148
2015-08-07,ar,1,4WjH9Bzt3kx7z8kl0awxh4,46275
2015-08-08,ar,1,16Hpbs3EP9JtLiWPozHhYs,49580
2015-08-09,ar,1,16Hpbs3EP9JtLiWPozHhYs,43341
2015-08-10,ar,1,4WjH9Bzt3kx7z8kl0awxh4,38798
2015-08-11,ar,1,7LrrGFdnRwEwOSS59qF05G,38810
2015-08-12,ar,1,7LrrGFdnRwEwOSS59qF05G,39075
2015-08-13,ar,1,4WjH9Bzt3kx7z8kl0awxh4,41327
2015-08-14,ar,1,7LrrGFdnRwEwOSS59qF05G,46807
2015-08-15,ar,1,16Hpbs3EP9JtLiWPozHhYs,53622
2015-08-16,ar,1,16Hpbs3EP9JtLiWPozHhYs,50815
2015-08-17,ar,1,16Hpbs3EP9JtLiWPozHhYs,43046
2015-08-18,ar,1,4WjH9Bzt3kx7z8kl0awxh4,42263
2015-08-19,ar,1,4WjH9Bzt3kx7z8kl0awxh4,43000
2015-08-20,ar,1,4WjH9Bzt3kx7z8kl0awxh4,43698
2015-08-21,ar,1,6NuPNKgyBFvGa7plAUxIyg,50812
2015-08-22,ar,1,16Hpbs3EP9JtLiWPozHhYs,57889
2015-08-23,ar,1,16Hpbs3EP9JtLiWPozHhYs,51619
2015-08-24,ar,1,6NuPNKgyBFvGa7plAUxIyg,42224
2015-08-25,ar,1,6NuPNKgyBFvGa7plAUxIyg,45233
2015-08-26,ar,1,6NuPNKgyBFvGa7plAUxIyg,47965
2015-08-27,ar,1,6NuPNKgyBFvGa7plAUxIyg,49170
2015-08-28,ar,1,6NuPNKgyBFvGa7plAUxIyg,55093
2015-08-29,ar,1,6NuPNKgyBFvGa7plAUxIyg,61502
2015-08-30,ar,1,6NuPNKgyBFvGa7plAUxIyg,61589
2015-08-31,ar,1,6NuPNKgyBFvGa7plAUxIyg,50778
2015-09-01,ar,1,1ds2QsfhAAfRiaFMGDzrdb,52103
2015-09-02,ar,1,1ds2QsfhAAfRiaFMGDzrdb,50753
2015-09-03,ar,1,1ds2QsfhAAfRiaFMGDzrdb,50920
2015-09-04,ar,1,6NuPNKgyBFvGa7plAUxIyg,56334
2015-09-05,ar,1,6NuPNKgyBFvGa7plAUxIyg,64053
2015-09-06,ar,1,7LrrGFdnRwEwOSS59qF05G,56689
2015-09-07,ar,1,1ds2QsfhAAfRiaFMGDzrdb,46610
2015-09-08,ar,1,6NuPNKgyBFvGa7plAUxIyg,48875
2015-09-09,ar,1,1ds2QsfhAAfRiaFMGDzrdb,48908
2015-09-10,ar,1,7a6GeFdPlbQtd7BwVlZ52k,50696
2015-09-11,ar,1,6NuPNKgyBFvGa7plAUxIyg,59891
2015-09-12,ar,1,7a6GeFdPlbQtd7BwVlZ52k,70090
2015-09-13,ar,1,7a6GeFdPlbQtd7BwVlZ52k,56448
2015-09-14,ar,1,7a6GeFdPlbQtd7BwVlZ52k,50888
2015-09-15,ar,1,7a6GeFdPlbQtd7BwVlZ52k,56575
2015-09-16,ar,1,7a6GeFdPlbQtd7BwVlZ52k,54264
2015-09-17,ar,1,7a6GeFdPlbQtd7BwVlZ52k,55319
2015-09-18,ar,1,7a6GeFdPlbQtd7BwVlZ52k,64102
2015-09-19,ar,1,7a6GeFdPlbQtd7BwVlZ52k,71390
2015-09-20,ar,1,7a6GeFdPlbQtd7BwVlZ52k,62102
2015-09-21,ar,1,7a6GeFdPlbQtd7BwVlZ52k,59206
2015-09-22,ar,1,7a6GeFdPlbQtd7BwVlZ52k,53576
2015-09-23,ar,1,7a6GeFdPlbQtd7BwVlZ52k,54643
2015-09-25,ar,1,7a6GeFdPlbQtd7BwVlZ52k,65879
2015-09-26,ar,1,7a6GeFdPlbQtd7BwVlZ52k,75684
2015-09-27,ar,1,7a6GeFdPlbQtd7BwVlZ52k,69646
2015-09-28,ar,1,7a6GeFdPlbQtd7BwVlZ52k,54690
2015-09-29,ar,1,7a6GeFdPlbQtd7BwVlZ52k,58054
2015-09-30,ar,1,7a6GeFdPlbQtd7BwVlZ52k,58636
2015-10-01,ar,1,7a6GeFdPlbQtd7BwVlZ52k,57366
2015-10-02,ar,1,7a6GeFdPlbQtd7BwVlZ52k,62574
2015-10-03,ar,1,7a6GeFdPlbQtd7BwVlZ52k,72188
2015-10-04,ar,1,7a6GeFdPlbQtd7BwVlZ52k,63641
2015-10-05,ar,1,7a6GeFdPlbQtd7BwVlZ52k,52741
2015-10-06,ar,1,7a6GeFdPlbQtd7BwVlZ52k,54277
2015-10-07,ar,1,7a6GeFdPlbQtd7BwVlZ52k,56403
2015-10-08,ar,1,7a6GeFdPlbQtd7BwVlZ52k,58407
2015-10-09,ar,1,7a6GeFdPlbQtd7BwVlZ52k,68077
2015-10-10,ar,1,7a6GeFdPlbQtd7BwVlZ52k,74413
2015-10-11,ar,1,7a6GeFdPlbQtd7BwVlZ52k,64150
2015-10-12,ar,1,7a6GeFdPlbQtd7BwVlZ52k,60192
2015-10-13,ar,1,7a6GeFdPlbQtd7BwVlZ52k,52120
2015-10-14,ar,1,7a6GeFdPlbQtd7BwVlZ52k,53312
2015-10-15,ar,1,7a6GeFdPlbQtd7BwVlZ52k,54768
2015-10-16,ar,1,7a6GeFdPlbQtd7BwVlZ52k,63374
2015-10-17,ar,1,7a6GeFdPlbQtd7BwVlZ52k,73985
2015-10-18,ar,1,7a6GeFdPlbQtd7BwVlZ52k,64592
2015-10-19,ar,1,7a6GeFdPlbQtd7BwVlZ52k,49621
2015-10-20,ar,1,7a6GeFdPlbQtd7BwVlZ52k,55875
2015-10-21,ar,1,7a6GeFdPlbQtd7BwVlZ52k,56369
2015-10-22,ar,1,7a6GeFdPlbQtd7BwVlZ52k,58215
2015-10-23,ar,1,7a6GeFdPlbQtd7BwVlZ52k,62654
2015-10-24,ar,1,7a6GeFdPlbQtd7BwVlZ52k,67813
2015-10-25,ar,1,7a6GeFdPlbQtd7BwVlZ52k,57865
2015-10-26,ar,1,7a6GeFdPlbQtd7BwVlZ52k,50370
2015-10-27,ar,1,2GpHJb7xGNBaIDTrBxjIu6,55027
2015-10-28,ar,1,7a6GeFdPlbQtd7BwVlZ52k,56257
2015-10-29,ar,1,2GpHJb7xGNBaIDTrBxjIu6,55418
2015-10-30,ar,1,2GpHJb7xGNBaIDTrBxjIu6,59420
2015-10-31,ar,1,7a6GeFdPlbQtd7BwVlZ52k,67692
2015-11-01,ar,1,7a6GeFdPlbQtd7BwVlZ52k,57806
2015-11-02,ar,1,2GpHJb7xGNBaIDTrBxjIu6,52017
2015-11-03,ar,1,2GpHJb7xGNBaIDTrBxjIu6,53632
2015-11-04,ar,1,2GpHJb7xGNBaIDTrBxjIu6,51519
2015-11-05,ar,1,2GpHJb7xGNBaIDTrBxjIu6,52669
2015-11-06,ar,1,2GpHJb7xGNBaIDTrBxjIu6,64571
2015-11-07,ar,1,7a6GeFdPlbQtd7BwVlZ52k,70392
2015-11-08,ar,1,7a6GeFdPlbQtd7BwVlZ52k,62035
2015-11-09,ar,1,2GpHJb7xGNBaIDTrBxjIu6,51612
2015-11-10,ar,1,2GpHJb7xGNBaIDTrBxjIu6,50257
2015-11-11,ar,1,2GpHJb7xGNBaIDTrBxjIu6,51063
2015-11-12,ar,1,7a6GeFdPlbQtd7BwVlZ52k,50457
2015-11-13,ar,1,2GpHJb7xGNBaIDTrBxjIu6,71848
2015-11-14,ar,1,2GpHJb7xGNBaIDTrBxjIu6,69655
2015-11-15,ar,1,7LrrGFdnRwEwOSS59qF05G,61561
2015-11-16,ar,1,2GpHJb7xGNBaIDTrBxjIu6,54796
2015-11-17,ar,1,69bp2EbF7Q2rqc5N3ylezZ,50923
2015-11-18,ar,1,69bp2EbF7Q2rqc5N3ylezZ,54801
2015-11-19,ar,1,69bp2EbF7Q2rqc5N3ylezZ,55228
2015-11-20,ar,1,69bp2EbF7Q2rqc5N3ylezZ,63819
2015-11-21,ar,1,7a6GeFdPlbQtd7BwVlZ52k,66289
2015-11-22,ar,1,7a6GeFdPlbQtd7BwVlZ52k,55865
2015-11-23,ar,1,69bp2EbF7Q2rqc5N3ylezZ,54027
2015-11-24,ar,1,69bp2EbF7Q2rqc5N3ylezZ,58401
2015-11-25,ar,1,69bp2EbF7Q2rqc5N3ylezZ,61565
2015-11-26,ar,1,69bp2EbF7Q2rqc5N3ylezZ,61037
2015-11-27,ar,1,69bp2EbF7Q2rqc5N3ylezZ,61291
2015-11-28,ar,1,7a6GeFdPlbQtd7BwVlZ52k,65056
2015-11-29,ar,1,7a6GeFdPlbQtd7BwVlZ52k,56061
2015-11-30,ar,1,69bp2EbF7Q2rqc5N3ylezZ,57172
2015-12-01,ar,1,69bp2EbF7Q2rqc5N3ylezZ,58598
2015-12-02,ar,1,69bp2EbF7Q2rqc5N3ylezZ,57852
2015-12-03,ar,1,69bp2EbF7Q2rqc5N3ylezZ,56389
2015-12-04,ar,1,69bp2EbF7Q2rqc5N3ylezZ,63338
2015-12-05,ar,1,6YcLnrn7dZmbxiOge1KK28,62288
2015-12-06,ar,1,6YcLnrn7dZmbxiOge1KK28,61105
2015-12-07,ar,1,6YcLnrn7dZmbxiOge1KK28,58524
2015-12-08,ar,1,6YcLnrn7dZmbxiOge1KK28,53657
2015-12-09,ar,1,69bp2EbF7Q2rqc5N3ylezZ,52826
2015-12-10,ar,1,69bp2EbF7Q2rqc5N3ylezZ,50805
2015-12-11,ar,1,69bp2EbF7Q2rqc5N3ylezZ,59452
2015-12-12,ar,1,6YcLnrn7dZmbxiOge1KK28,58144
2015-12-13,ar,1,6YcLnrn7dZmbxiOge1KK28,56082
2015-12-14,ar,1,69bp2EbF7Q2rqc5N3ylezZ,51547
2015-12-15,ar,1,69bp2EbF7Q2rqc5N3ylezZ,53689
2015-12-16,ar,1,69bp2EbF7Q2rqc5N3ylezZ,54480
2015-12-17,ar,1,69bp2EbF7Q2rqc5N3ylezZ,54068
2015-12-18,ar,1,6YcLnrn7dZmbxiOge1KK28,66558
2015-12-19,ar,1,7pmTlcNV0qp8uU8Xle3hRh,80735
2015-12-20,ar,1,7pmTlcNV0qp8uU8Xle3hRh,75173
2015-12-21,ar,1,7pmTlcNV0qp8uU8Xle3hRh,61224
2015-12-22,ar,1,7pmTlcNV0qp8uU8Xle3hRh,59561
2015-12-23,ar,1,7pmTlcNV0qp8uU8Xle3hRh,68599
2015-12-24,ar,1,7pmTlcNV0qp8uU8Xle3hRh,96182
2015-12-25,ar,1,7pmTlcNV0qp8uU8Xle3hRh,116679
2015-12-26,ar,1,7pmTlcNV0qp8uU8Xle3hRh,75485
2015-12-27,ar,1,7pmTlcNV0qp8uU8Xle3hRh,75806
2015-12-28,ar,1,6YcLnrn7dZmbxiOge1KK28,59581
2015-12-29,ar,1,6YcLnrn7dZmbxiOge1KK28,60206
2015-12-30,ar,1,6YcLnrn7dZmbxiOge1KK28,67986
2015-12-31,ar,1,7pmTlcNV0qp8uU8Xle3hRh,84993
2016-01-01,ar,1,7pmTlcNV0qp8uU8Xle3hRh,107724
2016-01-02,ar,1,7pmTlcNV0qp8uU8Xle3hRh,63884
2016-01-03,ar,1,7pmTlcNV0qp8uU8Xle3hRh,62547
2016-01-04,ar,1,6YcLnrn7dZmbxiOge1KK28,56055
2016-01-05,ar,1,6YcLnrn7dZmbxiOge1KK28,58724
2016-01-06,ar,1,6YcLnrn7dZmbxiOge1KK28,61877
2016-01-07,ar,1,6YcLnrn7dZmbxiOge1KK28,62601
2016-01-08,ar,1,6YcLnrn7dZmbxiOge1KK28,63770
2016-01-09,ar,1,6YcLnrn7dZmbxiOge1KK28,70867
2016-01-10,ar,1,6YcLnrn7dZmbxiOge1KK28,64508
2016-01-11,ar,1,6YcLnrn7dZmbxiOge1KK28,58478
2016-01-12,ar,1,0ZogPPD0uFaPXVhlZJOtSK,57445
2016-01-13,ar,1,0ZogPPD0uFaPXVhlZJOtSK,61628
2016-01-14,ar,1,0ZogPPD0uFaPXVhlZJOtSK,65494
2016-01-15,ar,1,0ZogPPD0uFaPXVhlZJOtSK,68658
2016-01-16,ar,1,0ZogPPD0uFaPXVhlZJOtSK,76723
2016-01-17,ar,1,7pmTlcNV0qp8uU8Xle3hRh,70131
2016-01-18,ar,1,0ZogPPD0uFaPXVhlZJOtSK,66214
2016-01-19,ar,1,0ZogPPD0uFaPXVhlZJOtSK,65758
2016-01-20,ar,1,0ZogPPD0uFaPXVhlZJOtSK,66628
2016-01-21,ar,1,0ZogPPD0uFaPXVhlZJOtSK,68834
2016-01-22,ar,1,0ZogPPD0uFaPXVhlZJOtSK,73687
2016-01-23,ar,1,0ZogPPD0uFaPXVhlZJOtSK,82459
2016-01-24,ar,1,0ZogPPD0uFaPXVhlZJOtSK,71534
2016-01-25,ar,1,0ZogPPD0uFaPXVhlZJOtSK,68600
2016-01-26,ar,1,0ZogPPD0uFaPXVhlZJOtSK,71015
2016-01-27,ar,1,0ZogPPD0uFaPXVhlZJOtSK,71791
2016-01-28,ar,1,0ZogPPD0uFaPXVhlZJOtSK,72583
2016-01-29,ar,1,0ZogPPD0uFaPXVhlZJOtSK,74835
2016-01-30,ar,1,0ZogPPD0uFaPXVhlZJOtSK,82660
2016-01-31,ar,1,0ZogPPD0uFaPXVhlZJOtSK,76601
2016-02-01,ar,1,0ZogPPD0uFaPXVhlZJOtSK,70410
2016-02-02,ar,1,0ZogPPD0uFaPXVhlZJOtSK,71929
2016-02-03,ar,1,0ZogPPD0uFaPXVhlZJOtSK,67780
2016-02-04,ar,1,0ZogPPD0uFaPXVhlZJOtSK,69479
2016-02-05,ar,1,0ZogPPD0uFaPXVhlZJOtSK,74325
2016-02-06,ar,1,0ZogPPD0uFaPXVhlZJOtSK,80022
2016-02-07,ar,1,0ZogPPD0uFaPXVhlZJOtSK,69492
2016-02-08,ar,1,0ZogPPD0uFaPXVhlZJOtSK,61325
2016-02-09,ar,1,0ZogPPD0uFaPXVhlZJOtSK,65753
2016-02-10,ar,1,0ZogPPD0uFaPXVhlZJOtSK,72439
2016-02-11,ar,1,0ZogPPD0uFaPXVhlZJOtSK,68637
2016-02-12,ar,1,0ZogPPD0uFaPXVhlZJOtSK,76007
2016-02-13,ar,1,0ZogPPD0uFaPXVhlZJOtSK,81170
2016-02-14,ar,1,0ZogPPD0uFaPXVhlZJOtSK,79008
2016-02-15,ar,1,0ZogPPD0uFaPXVhlZJOtSK,65804
2016-02-16,ar,1,0ZogPPD0uFaPXVhlZJOtSK,66155
2016-02-17,ar,1,0ZogPPD0uFaPXVhlZJOtSK,72685
2016-02-18,ar,1,0ZogPPD0uFaPXVhlZJOtSK,70958
2016-02-19,ar,1,0ZogPPD0uFaPXVhlZJOtSK,78717
2016-02-20,ar,1,0ZogPPD0uFaPXVhlZJOtSK,96866
2016-02-21,ar,1,0ZogPPD0uFaPXVhlZJOtSK,83648
2016-02-22,ar,1,0ZogPPD0uFaPXVhlZJOtSK,73306
2016-02-23,ar,1,0ZogPPD0uFaPXVhlZJOtSK,72859
2016-02-24,ar,1,0ZogPPD0uFaPXVhlZJOtSK,75634
2016-02-25,ar,1,0ZogPPD0uFaPXVhlZJOtSK,77882
2016-02-26,ar,1,0ZogPPD0uFaPXVhlZJOtSK,74981
2016-02-27,ar,1,0ZogPPD0uFaPXVhlZJOtSK,93856
2016-02-28,ar,1,0ZogPPD0uFaPXVhlZJOtSK,85053
2016-02-29,ar,1,0ZogPPD0uFaPXVhlZJOtSK,67946
2016-03-01,ar,1,0ZogPPD0uFaPXVhlZJOtSK,69009
2016-03-02,ar,1,0ZogPPD0uFaPXVhlZJOtSK,73608
2016-03-03,ar,1,0ZogPPD0uFaPXVhlZJOtSK,75954
2016-03-04,ar,1,0ZogPPD0uFaPXVhlZJOtSK,78561
2016-03-05,ar,1,0ZogPPD0uFaPXVhlZJOtSK,90354
2016-03-06,ar,1,0ZogPPD0uFaPXVhlZJOtSK,80208
2016-03-07,ar,1,0ZogPPD0uFaPXVhlZJOtSK,65169
2016-03-08,ar,1,0ZogPPD0uFaPXVhlZJOtSK,62150
2016-03-09,ar,1,0ZogPPD0uFaPXVhlZJOtSK,64766
2016-03-10,ar,1,0ZogPPD0uFaPXVhlZJOtSK,67940
2016-03-11,ar,1,0ZogPPD0uFaPXVhlZJOtSK,70957
2016-03-12,ar,1,0ZogPPD0uFaPXVhlZJOtSK,89596
2016-03-13,ar,1,0ZogPPD0uFaPXVhlZJOtSK,83087
2016-03-14,ar,1,0ZogPPD0uFaPXVhlZJOtSK,62692
2016-03-15,ar,1,0ZogPPD0uFaPXVhlZJOtSK,60574
2016-03-16,ar,1,0ZogPPD0uFaPXVhlZJOtSK,63604
2016-03-17,ar,1,0ZogPPD0uFaPXVhlZJOtSK,65931
2016-03-18,ar,1,0ZogPPD0uFaPXVhlZJOtSK,67973
2016-03-19,ar,1,0ZogPPD0uFaPXVhlZJOtSK,77201
2016-03-20,ar,1,0ZogPPD0uFaPXVhlZJOtSK,69515
2016-03-21,ar,1,14WWzenpaEgQZlqPq2nk4v,60546
2016-03-22,ar,1,14WWzenpaEgQZlqPq2nk4v,62412
2016-03-23,ar,1,4wFHfY9IILHLNwakPuFogD,66414
2016-03-24,ar,1,0ZogPPD0uFaPXVhlZJOtSK,75324
2016-03-25,ar,1,0ZogPPD0uFaPXVhlZJOtSK,66094
2016-03-26,ar,1,0ZogPPD0uFaPXVhlZJOtSK,70803
2016-03-27,ar,1,0ZogPPD0uFaPXVhlZJOtSK,70934
2016-03-28,ar,1,14WWzenpaEgQZlqPq2nk4v,64698
2016-03-29,ar,1,14WWzenpaEgQZlqPq2nk4v,65248
2016-03-30,ar,1,14WWzenpaEgQZlqPq2nk4v,65457
2016-03-31,ar,1,14WWzenpaEgQZlqPq2nk4v,68394
2016-04-01,ar,1,14WWzenpaEgQZlqPq2nk4v,68105
2016-04-02,ar,1,0ZogPPD0uFaPXVhlZJOtSK,71108
2016-04-03,ar,1,0ZogPPD0uFaPXVhlZJOtSK,68719
2016-04-04,ar,1,14WWzenpaEgQZlqPq2nk4v,64090
2016-04-05,ar,1,14WWzenpaEgQZlqPq2nk4v,62187
2016-04-06,ar,1,14WWzenpaEgQZlqPq2nk4v,62255
2016-04-07,ar,1,14WWzenpaEgQZlqPq2nk4v,65182
2016-04-08,ar,1,14WWzenpaEgQZlqPq2nk4v,71692
2016-04-09,ar,1,0ZogPPD0uFaPXVhlZJOtSK,73568
2016-04-10,ar,1,0ZogPPD0uFaPXVhlZJOtSK,64296
2016-04-11,ar,1,14WWzenpaEgQZlqPq2nk4v,61894
2016-04-12,ar,1,14WWzenpaEgQZlqPq2nk4v,67636
2016-04-13,ar,1,14WWzenpaEgQZlqPq2nk4v,70226
2016-04-14,ar,1,14WWzenpaEgQZlqPq2nk4v,74728
2016-04-15,ar,1,14WWzenpaEgQZlqPq2nk4v,78075
2016-04-16,ar,1,14WWzenpaEgQZlqPq2nk4v,79511
2016-04-17,ar,1,14WWzenpaEgQZlqPq2nk4v,67201
2016-04-18,ar,1,14WWzenpaEgQZlqPq2nk4v,68661
2016-04-19,ar,1,14WWzenpaEgQZlqPq2nk4v,68556
2016-04-20,ar,1,14WWzenpaEgQZlqPq2nk4v,69875
2016-04-21,ar,1,14WWzenpaEgQZlqPq2nk4v,70540
2016-04-22,ar,1,14WWzenpaEgQZlqPq2nk4v,74067
2016-04-23,ar,1,14WWzenpaEgQZlqPq2nk4v,74771
2016-04-24,ar,1,14WWzenpaEgQZlqPq2nk4v,61915
2016-04-25,ar,1,14WWzenpaEgQZlqPq2nk4v,62921
2016-04-26,ar,1,14WWzenpaEgQZlqPq2nk4v,63203
2016-04-27,ar,1,14WWzenpaEgQZlqPq2nk4v,62836
2016-04-28,ar,1,14WWzenpaEgQZlqPq2nk4v,63766
2016-04-29,ar,1,14WWzenpaEgQZlqPq2nk4v,68449
2016-04-30,ar,1,14WWzenpaEgQZlqPq2nk4v,72055
2016-05-01,ar,1,14WWzenpaEgQZlqPq2nk4v,61539
2016-05-02,ar,1,14WWzenpaEgQZlqPq2nk4v,63007
2016-05-03,ar,1,14WWzenpaEgQZlqPq2nk4v,63732
2016-05-04,ar,1,14WWzenpaEgQZlqPq2nk4v,63927
2016-05-05,ar,1,14WWzenpaEgQZlqPq2nk4v,65807
2016-05-06,ar,1,14WWzenpaEgQZlqPq2nk4v,70843
2016-05-07,ar,1,14WWzenpaEgQZlqPq2nk4v,73428
2016-05-08,ar,1,14WWzenpaEgQZlqPq2nk4v,60465
2016-05-09,ar,1,14WWzenpaEgQZlqPq2nk4v,64848
2016-05-10,ar,1,14WWzenpaEgQZlqPq2nk4v,66257
2016-05-11,ar,1,14WWzenpaEgQZlqPq2nk4v,66109
2016-05-12,ar,1,14WWzenpaEgQZlqPq2nk4v,66250
2016-05-13,ar,1,14WWzenpaEgQZlqPq2nk4v,67846
2016-05-14,ar,1,14WWzenpaEgQZlqPq2nk4v,69186
2016-05-15,ar,1,14WWzenpaEgQZlqPq2nk4v,57348
2016-05-16,ar,1,14WWzenpaEgQZlqPq2nk4v,57661
2016-05-17,ar,1,14WWzenpaEgQZlqPq2nk4v,59625
2016-05-18,ar,1,14WWzenpaEgQZlqPq2nk4v,62445
2016-05-19,ar,1,14WWzenpaEgQZlqPq2nk4v,62910
2016-05-20,ar,1,14WWzenpaEgQZlqPq2nk4v,66025
2016-05-21,ar,1,14WWzenpaEgQZlqPq2nk4v,70171
2016-05-22,ar,1,14WWzenpaEgQZlqPq2nk4v,59947
2016-05-23,ar,1,14WWzenpaEgQZlqPq2nk4v,61780
2016-05-24,ar,1,6YZdkObH88npeKrrkb8Ggf,66386
2016-05-25,ar,1,6YZdkObH88npeKrrkb8Ggf,63991
2016-05-26,ar,1,6YZdkObH88npeKrrkb8Ggf,70081
2016-05-27,ar,1,6YZdkObH88npeKrrkb8Ggf,80137
2016-05-28,ar,1,6YZdkObH88npeKrrkb8Ggf,79596
2016-05-29,ar,1,6YZdkObH88npeKrrkb8Ggf,70792
2016-05-30,ar,1,6YZdkObH88npeKrrkb8Ggf,74497
2016-05-31,ar,1,6YZdkObH88npeKrrkb8Ggf,73387
2016-06-01,ar,1,6YZdkObH88npeKrrkb8Ggf,76201
2016-06-02,ar,1,6YZdkObH88npeKrrkb8Ggf,76326
2016-06-03,ar,1,6YZdkObH88npeKrrkb8Ggf,85788
2016-06-04,ar,1,6YZdkObH88npeKrrkb8Ggf,83264
2016-06-05,ar,1,6YZdkObH88npeKrrkb8Ggf,75694
2016-06-06,ar,1,6YZdkObH88npeKrrkb8Ggf,74132
2016-06-07,ar,1,6YZdkObH88npeKrrkb8Ggf,75488
2016-06-08,ar,1,6YZdkObH88npeKrrkb8Ggf,77216
2016-06-09,ar,1,6YZdkObH88npeKrrkb8Ggf,78340
2016-06-10,ar,1,6YZdkObH88npeKrrkb8Ggf,87170
2016-06-11,ar,1,6YZdkObH88npeKrrkb8Ggf,86011
2016-06-12,ar,1,6YZdkObH88npeKrrkb8Ggf,78509
2016-06-13,ar,1,6YZdkObH88npeKrrkb8Ggf,74017
2016-06-14,ar,1,6YZdkObH88npeKrrkb8Ggf,81361
2016-06-15,ar,1,6YZdkObH88npeKrrkb8Ggf,82395
2016-06-16,ar,1,6YZdkObH88npeKrrkb8Ggf,92274
2016-06-17,ar,1,6YZdkObH88npeKrrkb8Ggf,101691
2016-06-18,ar,1,6YZdkObH88npeKrrkb8Ggf,95651
2016-06-19,ar,1,6YZdkObH88npeKrrkb8Ggf,82565
2016-06-20,ar,1,6YZdkObH88npeKrrkb8Ggf,73903
2016-06-21,ar,1,6YZdkObH88npeKrrkb8Ggf,79402
2016-06-22,ar,1,6YZdkObH88npeKrrkb8Ggf,76587
2016-06-23,ar,1,6YZdkObH88npeKrrkb8Ggf,83333
2016-06-24,ar,1,6YZdkObH88npeKrrkb8Ggf,96784
2016-06-25,ar,1,6YZdkObH88npeKrrkb8Ggf,98860
2016-06-26,ar,1,6YZdkObH88npeKrrkb8Ggf,86817
2016-06-27,ar,1,6YZdkObH88npeKrrkb8Ggf,69140
2016-06-28,ar,1,6YZdkObH88npeKrrkb8Ggf,81602
2016-06-29,ar,1,6YZdkObH88npeKrrkb8Ggf,88233
2016-06-30,ar,1,6YZdkObH88npeKrrkb8Ggf,88545
2016-07-01,ar,1,6YZdkObH88npeKrrkb8Ggf,101627
2016-07-02,ar,1,6YZdkObH88npeKrrkb8Ggf,99906
2016-07-03,ar,1,6YZdkObH88npeKrrkb8Ggf,88573
2016-07-04,ar,1,6YZdkObH88npeKrrkb8Ggf,84575
2016-07-05,ar,1,6YZdkObH88npeKrrkb8Ggf,86174
2016-07-06,ar,1,6YZdkObH88npeKrrkb8Ggf,89128
2016-07-07,ar,1,6YZdkObH88npeKrrkb8Ggf,95110
2016-07-08,ar,1,6YZdkObH88npeKrrkb8Ggf,100112
2016-07-09,ar,1,6YZdkObH88npeKrrkb8Ggf,92779
2016-07-10,ar,1,6YZdkObH88npeKrrkb8Ggf,81350
2016-07-11,ar,1,6YZdkObH88npeKrrkb8Ggf,80520
2016-07-12,ar,1,6YZdkObH88npeKrrkb8Ggf,82318
2016-07-13,ar,1,6YZdkObH88npeKrrkb8Ggf,84710
2016-07-14,ar,1,6YZdkObH88npeKrrkb8Ggf,86672
2016-07-15,ar,1,6YZdkObH88npeKrrkb8Ggf,93088
2016-07-16,ar,1,6YZdkObH88npeKrrkb8Ggf,94081
2016-07-17,ar,1,6YZdkObH88npeKrrkb8Ggf,81742
2016-07-18,ar,1,6YZdkObH88npeKrrkb8Ggf,82994
2016-07-19,ar,1,6YZdkObH88npeKrrkb8Ggf,85088
2016-07-20,ar,1,6YZdkObH88npeKrrkb8Ggf,87072
2016-07-21,ar,1,6YZdkObH88npeKrrkb8Ggf,89609
2016-07-22,ar,1,6YZdkObH88npeKrrkb8Ggf,96144
2016-07-23,ar,1,6YZdkObH88npeKrrkb8Ggf,97538
2016-07-24,ar,1,6YZdkObH88npeKrrkb8Ggf,81265
2016-07-25,ar,1,6YZdkObH88npeKrrkb8Ggf,78570
2016-07-26,ar,1,6YZdkObH88npeKrrkb8Ggf,78671
2016-07-27,ar,1,6YZdkObH88npeKrrkb8Ggf,83037
2016-07-28,ar,1,6YZdkObH88npeKrrkb8Ggf,82604
2016-07-29,ar,1,6YZdkObH88npeKrrkb8Ggf,90945
2016-07-30,ar,1,6YZdkObH88npeKrrkb8Ggf,92538
2016-07-31,ar,1,6YZdkObH88npeKrrkb8Ggf,80439
2016-08-01,ar,1,1pWYnQIlqxTh5bxuPmTG4E,79048
2016-08-02,ar,1,1pWYnQIlqxTh5bxuPmTG4E,80685
2016-08-03,ar,1,1pWYnQIlqxTh5bxuPmTG4E,83206
2016-08-04,ar,1,1pWYnQIlqxTh5bxuPmTG4E,82748
2016-08-05,ar,1,1pWYnQIlqxTh5bxuPmTG4E,86859
2016-08-06,ar,1,1pWYnQIlqxTh5bxuPmTG4E,90519
2016-08-07,ar,1,1pWYnQIlqxTh5bxuPmTG4E,79143
2016-08-08,ar,1,1pWYnQIlqxTh5bxuPmTG4E,75304
2016-08-09,ar,1,1pWYnQIlqxTh5bxuPmTG4E,80583
2016-08-10,ar,1,1pWYnQIlqxTh5bxuPmTG4E,82716
2016-08-11,ar,1,1pWYnQIlqxTh5bxuPmTG4E,82812
2016-08-12,ar,1,1pWYnQIlqxTh5bxuPmTG4E,91005
2016-08-13,ar,1,1pWYnQIlqxTh5bxuPmTG4E,92581
2016-08-14,ar,1,1pWYnQIlqxTh5bxuPmTG4E,78153
2016-08-15,ar,1,1pWYnQIlqxTh5bxuPmTG4E,76381
2016-08-16,ar,1,6DNtNfH8hXkqOX1sjqmI7p,75147
2016-08-17,ar,1,1pWYnQIlqxTh5bxuPmTG4E,77904
2016-08-18,ar,1,1pWYnQIlqxTh5bxuPmTG4E,78353
2016-08-19,ar,1,1pWYnQIlqxTh5bxuPmTG4E,83572
2016-08-20,ar,1,1pWYnQIlqxTh5bxuPmTG4E,88673
2016-08-21,ar,1,1pWYnQIlqxTh5bxuPmTG4E,79203
2016-08-22,ar,1,6DNtNfH8hXkqOX1sjqmI7p,79070
2016-08-23,ar,1,6DNtNfH8hXkqOX1sjqmI7p,83780
2016-08-24,ar,1,6DNtNfH8hXkqOX1sjqmI7p,87387
2016-08-25,ar,1,6DNtNfH8hXkqOX1sjqmI7p,86022
2016-08-26,ar,1,1pWYnQIlqxTh5bxuPmTG4E,89176
2016-08-27,ar,1,58IL315gMSTD37DOZPJ2hf,88380
2016-08-28,ar,1,58IL315gMSTD37DOZPJ2hf,79492
2016-08-29,ar,1,6DNtNfH8hXkqOX1sjqmI7p,75194
2016-08-30,ar,1,6DNtNfH8hXkqOX1sjqmI7p,78963
2016-08-31,ar,1,6DNtNfH8hXkqOX1sjqmI7p,81756
2016-09-01,ar,1,6DNtNfH8hXkqOX1sjqmI7p,78662
2016-09-02,ar,1,6DNtNfH8hXkqOX1sjqmI7p,82871
2016-09-03,ar,1,58IL315gMSTD37DOZPJ2hf,89586
2016-09-04,ar,1,58IL315gMSTD37DOZPJ2hf,79043
2016-09-05,ar,1,6DNtNfH8hXkqOX1sjqmI7p,75101
2016-09-06,ar,1,6DNtNfH8hXkqOX1sjqmI7p,75003
2016-09-07,ar,1,6DNtNfH8hXkqOX1sjqmI7p,78864
2016-09-08,ar,1,6DNtNfH8hXkqOX1sjqmI7p,85102
2016-09-09,ar,1,58IL315gMSTD37DOZPJ2hf,98348
2016-09-10,ar,1,58IL315gMSTD37DOZPJ2hf,114996
2016-09-11,ar,1,58IL315gMSTD37DOZPJ2hf,104372
2016-09-12,ar,1,58IL315gMSTD37DOZPJ2hf,83763
2016-09-13,ar,1,58IL315gMSTD37DOZPJ2hf,89790
2016-09-14,ar,1,58IL315gMSTD37DOZPJ2hf,92368
2016-09-15,ar,1,58IL315gMSTD37DOZPJ2hf,96968
2016-09-16,ar,1,58IL315gMSTD37DOZPJ2hf,109019
2016-09-17,ar,1,58IL315gMSTD37DOZPJ2hf,121953
2016-09-18,ar,1,58IL315gMSTD37DOZPJ2hf,104776
2016-09-19,ar,1,58IL315gMSTD37DOZPJ2hf,90365
2016-09-20,ar,1,58IL315gMSTD37DOZPJ2hf,99882
2016-09-21,ar,1,58IL315gMSTD37DOZPJ2hf,114270
2016-09-22,ar,1,58IL315gMSTD37DOZPJ2hf,102160
2016-09-23,ar,1,58IL315gMSTD37DOZPJ2hf,103312
2016-09-24,ar,1,58IL315gMSTD37DOZPJ2hf,112292
2016-09-25,ar,1,58IL315gMSTD37DOZPJ2hf,103526
2016-09-26,ar,1,43it4kot08akLzFIEMhXNN,89795
2016-09-27,ar,1,43it4kot08akLzFIEMhXNN,98517
2016-09-28,ar,1,58IL315gMSTD37DOZPJ2hf,95064
2016-09-29,ar,1,7DM4BPaS7uofFul3ywMe46,92965
2016-09-30,ar,1,7DM4BPaS7uofFul3ywMe46,102968
2016-10-01,ar,1,58IL315gMSTD37DOZPJ2hf,112673
2016-10-02,ar,1,58IL315gMSTD37DOZPJ2hf,99408
2016-10-03,ar,1,7DM4BPaS7uofFul3ywMe46,102934
2016-10-04,ar,1,7DM4BPaS7uofFul3ywMe46,113546
2016-10-05,ar,1,7DM4BPaS7uofFul3ywMe46,114350
2016-10-06,ar,1,7DM4BPaS7uofFul3ywMe46,122934
2016-10-07,ar,1,7DM4BPaS7uofFul3ywMe46,124171
2016-10-08,ar,1,7DM4BPaS7uofFul3ywMe46,134476
2016-10-09,ar,1,7DM4BPaS7uofFul3ywMe46,123363
2016-10-10,ar,1,7DM4BPaS7uofFul3ywMe46,109143
2016-10-11,ar,1,7DM4BPaS7uofFul3ywMe46,128228
2016-10-12,ar,1,7DM4BPaS7uofFul3ywMe46,129669
2016-10-13,ar,1,7DM4BPaS7uofFul3ywMe46,133514
2016-10-14,ar,1,7DM4BPaS7uofFul3ywMe46,141498
2016-10-15,ar,1,7DM4BPaS7uofFul3ywMe46,139053
2016-10-16,ar,1,7DM4BPaS7uofFul3ywMe46,133683
2016-10-17,ar,1,7DM4BPaS7uofFul3ywMe46,129082
2016-10-18,ar,1,7DM4BPaS7uofFul3ywMe46,137020
2016-10-19,ar,1,7DM4BPaS7uofFul3ywMe46,126595
2016-10-20,ar,1,7DM4BPaS7uofFul3ywMe46,137071
2016-10-21,ar,1,7DM4BPaS7uofFul3ywMe46,146348
2016-10-22,ar,1,7DM4BPaS7uofFul3ywMe46,156841
2016-10-23,ar,1,7DM4BPaS7uofFul3ywMe46,136259
2016-10-24,ar,1,7DM4BPaS7uofFul3ywMe46,123537
2016-10-25,ar,1,7DM4BPaS7uofFul3ywMe46,127444
2016-10-26,ar,1,7DM4BPaS7uofFul3ywMe46,132513
2016-10-27,ar,1,7DM4BPaS7uofFul3ywMe46,136436
2016-10-28,ar,1,7DM4BPaS7uofFul3ywMe46,148879
2016-10-29,ar,1,7DM4BPaS7uofFul3ywMe46,168085
2016-10-30,ar,1,7DM4BPaS7uofFul3ywMe46,148438
2016-10-31,ar,1,7DM4BPaS7uofFul3ywMe46,136373
2016-11-01,ar,1,7DM4BPaS7uofFul3ywMe46,134925
2016-11-02,ar,1,7DM4BPaS7uofFul3ywMe46,142105
2016-11-03,ar,1,7DM4BPaS7uofFul3ywMe46,152855
2016-11-04,ar,1,7DM4BPaS7uofFul3ywMe46,165318
2016-11-05,ar,1,7DM4BPaS7uofFul3ywMe46,177820
2016-11-06,ar,1,7DM4BPaS7uofFul3ywMe46,155550
2016-11-07,ar,1,7DM4BPaS7uofFul3ywMe46,131032
2016-11-08,ar,1,7DM4BPaS7uofFul3ywMe46,135774
2016-11-09,ar,1,7DM4BPaS7uofFul3ywMe46,134952
2016-11-10,ar,1,7DM4BPaS7uofFul3ywMe46,155795
2016-11-11,ar,1,7DM4BPaS7uofFul3ywMe46,160225
2016-11-12,ar,1,7DM4BPaS7uofFul3ywMe46,183065
2016-11-13,ar,1,7DM4BPaS7uofFul3ywMe46,141991
2016-11-14,ar,1,7DM4BPaS7uofFul3ywMe46,141910
2016-11-15,ar,1,7DM4BPaS7uofFul3ywMe46,153492
2016-11-16,ar,1,7DM4BPaS7uofFul3ywMe46,146189
2016-11-17,ar,1,7DM4BPaS7uofFul3ywMe46,153157
2016-11-18,ar,1,7DM4BPaS7uofFul3ywMe46,163825
2016-11-19,ar,1,7DM4BPaS7uofFul3ywMe46,179472
2016-11-20,ar,1,7DM4BPaS7uofFul3ywMe46,153117
2016-11-21,ar,1,7DM4BPaS7uofFul3ywMe46,137070
2016-11-22,ar,1,7DM4BPaS7uofFul3ywMe46,150692
2016-11-23,ar,1,7DM4BPaS7uofFul3ywMe46,161907
2016-11-24,ar,1,7DM4BPaS7uofFul3ywMe46,169355
2016-11-25,ar,1,7DM4BPaS7uofFul3ywMe46,174484
2016-11-26,ar,1,7DM4BPaS7uofFul3ywMe46,167412
2016-11-27,ar,1,7DM4BPaS7uofFul3ywMe46,160625
2016-11-28,ar,1,7DM4BPaS7uofFul3ywMe46,146829
2016-11-29,ar,1,7DM4BPaS7uofFul3ywMe46,148861
2016-11-30,ar,1,7DM4BPaS7uofFul3ywMe46,154149
2016-12-01,ar,1,7DM4BPaS7uofFul3ywMe46,158328
2016-12-02,ar,1,1WniHvhq9zTkny0WvGXX8o,158470
2016-12-03,ar,1,7DM4BPaS7uofFul3ywMe46,177552
2016-12-04,ar,1,7DM4BPaS7uofFul3ywMe46,165484
2016-12-05,ar,1,1WniHvhq9zTkny0WvGXX8o,155561
2016-12-06,ar,1,1WniHvhq9zTkny0WvGXX8o,163441
2016-12-07,ar,1,1WniHvhq9zTkny0WvGXX8o,174230
2016-12-08,ar,1,1WniHvhq9zTkny0WvGXX8o,174820
2016-12-09,ar,1,1WniHvhq9zTkny0WvGXX8o,175954
2016-12-10,ar,1,1WniHvhq9zTkny0WvGXX8o,184109
2016-12-11,ar,1,1WniHvhq9zTkny0WvGXX8o,167110
2016-12-12,ar,1,1WniHvhq9zTkny0WvGXX8o,166832
2016-12-13,ar,1,1WniHvhq9zTkny0WvGXX8o,169580
2016-12-14,ar,1,1WniHvhq9zTkny0WvGXX8o,176367
2016-12-15,ar,1,1WniHvhq9zTkny0WvGXX8o,181361
2016-12-16,ar,1,1WniHvhq9zTkny0WvGXX8o,183598
2016-12-17,ar,1,1WniHvhq9zTkny0WvGXX8o,200302
2016-12-18,ar,1,1WniHvhq9zTkny0WvGXX8o,166332
2016-12-19,ar,1,1WniHvhq9zTkny0WvGXX8o,178171
2016-12-20,ar,1,1WniHvhq9zTkny0WvGXX8o,186527
2016-12-21,ar,1,1WniHvhq9zTkny0WvGXX8o,199929
2016-12-22,ar,1,1WniHvhq9zTkny0WvGXX8o,197568
2016-12-23,ar,1,1WniHvhq9zTkny0WvGXX8o,208456
2016-12-24,ar,1,1WniHvhq9zTkny0WvGXX8o,240164
2016-12-25,ar,1,1WniHvhq9zTkny0WvGXX8o,225826
2016-12-26,ar,1,1WniHvhq9zTkny0WvGXX8o,175768
2016-12-27,ar,1,1WniHvhq9zTkny0WvGXX8o,187005
2016-12-28,ar,1,1WniHvhq9zTkny0WvGXX8o,199257
2016-12-29,ar,1,1WniHvhq9zTkny0WvGXX8o,205140
2016-12-30,ar,1,1WniHvhq9zTkny0WvGXX8o,217680
2016-12-31,ar,1,1WniHvhq9zTkny0WvGXX8o,253977
2017-01-01,ar,1,1WniHvhq9zTkny0WvGXX8o,252660
2017-01-02,ar,1,1WniHvhq9zTkny0WvGXX8o,185076
2017-01-03,ar,1,1WniHvhq9zTkny0WvGXX8o,182821
2017-01-04,ar,1,1WniHvhq9zTkny0WvGXX8o,186603
2017-01-05,ar,1,1WniHvhq9zTkny0WvGXX8o,191039
2017-01-06,ar,1,1WniHvhq9zTkny0WvGXX8o,195776
2017-01-07,ar,1,1WniHvhq9zTkny0WvGXX8o,212705
2017-01-08,ar,1,1WniHvhq9zTkny0WvGXX8o,177869
2017-01-09,ar,1,1WniHvhq9zTkny0WvGXX8o,176584
2017-01-10,ar,1,3AEZUABDXNtecAOSC1qTfo,176749
2017-01-11,ar,1,3AEZUABDXNtecAOSC1qTfo,188708
2017-01-12,ar,1,3AEZUABDXNtecAOSC1qTfo,189592
2017-01-13,ar,1,3AEZUABDXNtecAOSC1qTfo,191173
2017-01-14,ar,1,1WniHvhq9zTkny0WvGXX8o,206811
2017-01-15,ar,1,3AEZUABDXNtecAOSC1qTfo,175305
2017-01-16,ar,1,3AEZUABDXNtecAOSC1qTfo,176354
2017-01-17,ar,1,3AEZUABDXNtecAOSC1qTfo,185038
2017-01-18,ar,1,3AEZUABDXNtecAOSC1qTfo,190155
2017-01-19,ar,1,3AEZUABDXNtecAOSC1qTfo,186726
2017-01-20,ar,1,3AEZUABDXNtecAOSC1qTfo,189943
2017-01-21,ar,1,3AEZUABDXNtecAOSC1qTfo,209632
2017-01-22,ar,1,3AEZUABDXNtecAOSC1qTfo,186013
2017-01-23,ar,1,4aWmUDTfIPGksMNLV2rQP2,185518
2017-01-24,ar,1,4aWmUDTfIPGksMNLV2rQP2,203693
2017-01-25,ar,1,4aWmUDTfIPGksMNLV2rQP2,220833
2017-01-26,ar,1,4aWmUDTfIPGksMNLV2rQP2,239217
2017-01-27,ar,1,4aWmUDTfIPGksMNLV2rQP2,273763
2017-01-28,ar,1,4aWmUDTfIPGksMNLV2rQP2,297150
2017-01-29,ar,1,4aWmUDTfIPGksMNLV2rQP2,273552
2017-01-30,ar,1,4aWmUDTfIPGksMNLV2rQP2,319915
2017-01-31,ar,1,4aWmUDTfIPGksMNLV2rQP2,343054
2017-02-01,ar,1,4aWmUDTfIPGksMNLV2rQP2,376615
2017-02-02,ar,1,4aWmUDTfIPGksMNLV2rQP2,393283
2017-02-03,ar,1,4aWmUDTfIPGksMNLV2rQP2,434448
2017-02-04,ar,1,4aWmUDTfIPGksMNLV2rQP2,425031
2017-02-05,ar,1,4aWmUDTfIPGksMNLV2rQP2,361423
2017-02-06,ar,1,4aWmUDTfIPGksMNLV2rQP2,406871
2017-02-07,ar,1,4aWmUDTfIPGksMNLV2rQP2,436338
2017-02-08,ar,1,4aWmUDTfIPGksMNLV2rQP2,436547
2017-02-09,ar,1,4aWmUDTfIPGksMNLV2rQP2,428213
2017-02-10,ar,1,4aWmUDTfIPGksMNLV2rQP2,439999
2017-02-11,ar,1,4aWmUDTfIPGksMNLV2rQP2,455217
2017-02-12,ar,1,4aWmUDTfIPGksMNLV2rQP2,397322
2017-02-13,ar,1,4aWmUDTfIPGksMNLV2rQP2,396628
2017-02-14,ar,1,4aWmUDTfIPGksMNLV2rQP2,400565
2017-02-15,ar,1,4aWmUDTfIPGksMNLV2rQP2,405154
2017-02-16,ar,1,4aWmUDTfIPGksMNLV2rQP2,399645
2017-02-17,ar,1,4aWmUDTfIPGksMNLV2rQP2,420500
2017-02-18,ar,1,4aWmUDTfIPGksMNLV2rQP2,421944
2017-02-19,ar,1,4aWmUDTfIPGksMNLV2rQP2,402798
2017-02-20,ar,1,4aWmUDTfIPGksMNLV2rQP2,379128
2017-02-21,ar,1,4aWmUDTfIPGksMNLV2rQP2,366766
2017-02-22,ar,1,4aWmUDTfIPGksMNLV2rQP2,377854
2017-02-23,ar,1,4aWmUDTfIPGksMNLV2rQP2,376954
2017-02-24,ar,1,4aWmUDTfIPGksMNLV2rQP2,400918
2017-02-25,ar,1,4aWmUDTfIPGksMNLV2rQP2,416004
2017-02-26,ar,1,4aWmUDTfIPGksMNLV2rQP2,370044
2017-02-27,ar,1,4aWmUDTfIPGksMNLV2rQP2,338750
2017-02-28,ar,1,4aWmUDTfIPGksMNLV2rQP2,346956
2017-03-01,ar,1,4aWmUDTfIPGksMNLV2rQP2,365941
2017-03-02,ar,1,4aWmUDTfIPGksMNLV2rQP2,360454
2017-03-03,ar,1,4aWmUDTfIPGksMNLV2rQP2,369546
2017-03-04,ar,1,4aWmUDTfIPGksMNLV2rQP2,383100
2017-03-05,ar,1,4aWmUDTfIPGksMNLV2rQP2,362635
2017-03-06,ar,1,4aWmUDTfIPGksMNLV2rQP2,326614
2017-03-07,ar,1,4aWmUDTfIPGksMNLV2rQP2,321327
2017-03-08,ar,1,4aWmUDTfIPGksMNLV2rQP2,314149
2017-03-09,ar,1,4aWmUDTfIPGksMNLV2rQP2,305194
2017-03-10,ar,1,4aWmUDTfIPGksMNLV2rQP2,339658
2017-03-11,ar,1,4aWmUDTfIPGksMNLV2rQP2,358950
2017-03-12,ar,1,4aWmUDTfIPGksMNLV2rQP2,314441
2017-03-13,ar,1,4aWmUDTfIPGksMNLV2rQP2,280023
2017-03-14,ar,1,4aWmUDTfIPGksMNLV2rQP2,292375
2017-03-15,ar,1,4aWmUDTfIPGksMNLV2rQP2,280128
2017-03-16,ar,1,4aWmUDTfIPGksMNLV2rQP2,283572
2017-03-17,ar,1,4aWmUDTfIPGksMNLV2rQP2,320130
2017-03-18,ar,1,4aWmUDTfIPGksMNLV2rQP2,359077
2017-03-19,ar,1,4aWmUDTfIPGksMNLV2rQP2,312743
2017-03-20,ar,1,4aWmUDTfIPGksMNLV2rQP2,267557
2017-03-21,ar,1,4aWmUDTfIPGksMNLV2rQP2,277030
2017-03-22,ar,1,4aWmUDTfIPGksMNLV2rQP2,282719
2017-03-23,ar,1,4aWmUDTfIPGksMNLV2rQP2,298328
2017-03-24,ar,1,4aWmUDTfIPGksMNLV2rQP2,323101
2017-03-25,ar,1,4aWmUDTfIPGksMNLV2rQP2,325608
2017-03-26,ar,1,4aWmUDTfIPGksMNLV2rQP2,278614
2017-03-27,ar,1,4aWmUDTfIPGksMNLV2rQP2,250764
2017-03-28,ar,1,4aWmUDTfIPGksMNLV2rQP2,249633
2017-03-29,ar,1,4aWmUDTfIPGksMNLV2rQP2,261156
2017-03-30,ar,1,4aWmUDTfIPGksMNLV2rQP2,259652
2017-03-31,ar,1,4aWmUDTfIPGksMNLV2rQP2,279118
2017-04-01,ar,1,4aWmUDTfIPGksMNLV2rQP2,306716
2017-04-02,ar,1,4aWmUDTfIPGksMNLV2rQP2,257387
2017-04-03,ar,1,4aWmUDTfIPGksMNLV2rQP2,234146
2017-04-04,ar,1,4aWmUDTfIPGksMNLV2rQP2,239080
2017-04-05,ar,1,4aWmUDTfIPGksMNLV2rQP2,244746
2017-04-06,ar,1,4aWmUDTfIPGksMNLV2rQP2,238769
2017-04-07,ar,1,4aWmUDTfIPGksMNLV2rQP2,265047
2017-04-08,ar,1,4aWmUDTfIPGksMNLV2rQP2,266866
2017-04-09,ar,1,4aWmUDTfIPGksMNLV2rQP2,221259
2017-04-10,ar,1,4aWmUDTfIPGksMNLV2rQP2,199476
2017-04-11,ar,1,4aWmUDTfIPGksMNLV2rQP2,218771
2017-04-12,ar,1,4aWmUDTfIPGksMNLV2rQP2,234399
2017-04-13,ar,1,4aWmUDTfIPGksMNLV2rQP2,262179
2017-04-14,ar,1,4aWmUDTfIPGksMNLV2rQP2,236406
2017-04-15,ar,1,4aWmUDTfIPGksMNLV2rQP2,237897
2017-04-16,ar,1,4aWmUDTfIPGksMNLV2rQP2,222451
2017-04-17,ar,1,5CtI0qwDJkDQGwXD1H1cLb,259697
2017-04-18,ar,1,5CtI0qwDJkDQGwXD1H1cLb,408219
2017-04-19,ar,1,5CtI0qwDJkDQGwXD1H1cLb,360378
2017-04-20,ar,1,5CtI0qwDJkDQGwXD1H1cLb,331557
2017-04-21,ar,1,5CtI0qwDJkDQGwXD1H1cLb,348161
2017-04-22,ar,1,5CtI0qwDJkDQGwXD1H1cLb,338829
2017-04-23,ar,1,5CtI0qwDJkDQGwXD1H1cLb,279433
2017-04-24,ar,1,5CtI0qwDJkDQGwXD1H1cLb,249803
2017-04-25,ar,1,5CtI0qwDJkDQGwXD1H1cLb,238474
2017-04-26,ar,1,5CtI0qwDJkDQGwXD1H1cLb,230988
2017-04-27,ar,1,5CtI0qwDJkDQGwXD1H1cLb,227884
2017-04-28,ar,1,5CtI0qwDJkDQGwXD1H1cLb,251385
2017-04-29,ar,1,5CtI0qwDJkDQGwXD1H1cLb,279506
2017-04-30,ar,1,5CtI0qwDJkDQGwXD1H1cLb,252077
2017-05-01,ar,1,5CtI0qwDJkDQGwXD1H1cLb,223783
2017-05-02,ar,1,0qYTZCo5Bwh1nsUFGZP3zn,226594
2017-05-03,ar,1,0qYTZCo5Bwh1nsUFGZP3zn,237900
2017-05-04,ar,1,0qYTZCo5Bwh1nsUFGZP3zn,255162
2017-05-05,ar,1,0qYTZCo5Bwh1nsUFGZP3zn,290158
2017-05-06,ar,1,0qYTZCo5Bwh1nsUFGZP3zn,311175
2017-05-07,ar,1,0qYTZCo5Bwh1nsUFGZP3zn,273169
2017-05-08,ar,1,0qYTZCo5Bwh1nsUFGZP3zn,264858
2017-05-09,ar,1,0qYTZCo5Bwh1nsUFGZP3zn,286187
2017-05-10,ar,1,0qYTZCo5Bwh1nsUFGZP3zn,279079
2017-05-11,ar,1,0qYTZCo5Bwh1nsUFGZP3zn,284649
2017-05-12,ar,1,0qYTZCo5Bwh1nsUFGZP3zn,309831
2017-05-13,ar,1,0qYTZCo5Bwh1nsUFGZP3zn,336700
2017-05-14,ar,1,0qYTZCo5Bwh1nsUFGZP3zn,280450
2017-05-15,ar,1,0qYTZCo5Bwh1nsUFGZP3zn,273608
2017-05-16,ar,1,0qYTZCo5Bwh1nsUFGZP3zn,285713
2017-05-17,ar,1,0qYTZCo5Bwh1nsUFGZP3zn,283494
2017-05-18,ar,1,0qYTZCo5Bwh1nsUFGZP3zn,280752
2017-05-19,ar,1,0qYTZCo5Bwh1nsUFGZP3zn,311390
2017-05-20,ar,1,0qYTZCo5Bwh1nsUFGZP3zn,320193
2017-05-21,ar,1,0qYTZCo5Bwh1nsUFGZP3zn,286873
2017-05-22,ar,1,0qYTZCo5Bwh1nsUFGZP3zn,263173
2017-05-23,ar,1,0qYTZCo5Bwh1nsUFGZP3zn,273259
2017-05-24,ar,1,0qYTZCo5Bwh1nsUFGZP3zn,289536
2017-05-25,ar,1,0qYTZCo5Bwh1nsUFGZP3zn,278747
2017-05-26,ar,1,0qYTZCo5Bwh1nsUFGZP3zn,287456
2017-05-27,ar,1,4aWmUDTfIPGksMNLV2rQP2,329911
2017-05-28,ar,1,4aWmUDTfIPGksMNLV2rQP2,271961
2017-05-29,ar,1,0qYTZCo5Bwh1nsUFGZP3zn,238743
2017-06-01,ar,1,0qYTZCo5Bwh1nsUFGZP3zn,246580
2017-06-03,ar,1,0qYTZCo5Bwh1nsUFGZP3zn,288830
2017-06-04,ar,1,0qYTZCo5Bwh1nsUFGZP3zn,246160
2017-06-05,ar,1,0qYTZCo5Bwh1nsUFGZP3zn,220911
2017-06-06,ar,1,0qYTZCo5Bwh1nsUFGZP3zn,227050
2017-06-07,ar,1,0qYTZCo5Bwh1nsUFGZP3zn,232932
2017-06-08,ar,1,0qYTZCo5Bwh1nsUFGZP3zn,226830
2017-06-09,ar,1,0qYTZCo5Bwh1nsUFGZP3zn,252007
2017-06-10,ar,1,0qYTZCo5Bwh1nsUFGZP3zn,287425
2017-06-11,ar,1,0qYTZCo5Bwh1nsUFGZP3zn,251196
2017-06-12,ar,1,0qYTZCo5Bwh1nsUFGZP3zn,208313
2017-06-13,ar,1,0qYTZCo5Bwh1nsUFGZP3zn,216691
2017-06-14,ar,1,0qYTZCo5Bwh1nsUFGZP3zn,223314
2017-06-15,ar,1,0qYTZCo5Bwh1nsUFGZP3zn,225075
2017-06-16,ar,1,0qYTZCo5Bwh1nsUFGZP3zn,256816
2017-06-17,ar,1,0qYTZCo5Bwh1nsUFGZP3zn,272707
2017-06-18,ar,1,0qYTZCo5Bwh1nsUFGZP3zn,228724
2017-06-19,ar,1,0qYTZCo5Bwh1nsUFGZP3zn,196115
2017-06-20,ar,1,0qYTZCo5Bwh1nsUFGZP3zn,198416
2017-06-21,ar,1,0qYTZCo5Bwh1nsUFGZP3zn,192914
2017-06-22,ar,1,0qYTZCo5Bwh1nsUFGZP3zn,201420
2017-06-23,ar,1,0qYTZCo5Bwh1nsUFGZP3zn,230047
2017-06-24,ar,1,0qYTZCo5Bwh1nsUFGZP3zn,257066
2017-06-25,ar,1,0qYTZCo5Bwh1nsUFGZP3zn,219506
2017-06-26,ar,1,0qYTZCo5Bwh1nsUFGZP3zn,195102
2017-06-27,ar,1,0qYTZCo5Bwh1nsUFGZP3zn,186250
2017-06-28,ar,1,0qYTZCo5Bwh1nsUFGZP3zn,191999
2017-06-29,ar,1,0qYTZCo5Bwh1nsUFGZP3zn,192897
2017-06-30,ar,1,0qYTZCo5Bwh1nsUFGZP3zn,212102
2017-07-01,ar,1,0qYTZCo5Bwh1nsUFGZP3zn,242675
2017-07-02,ar,1,0qYTZCo5Bwh1nsUFGZP3zn,215201
2017-07-03,ar,1,0qYTZCo5Bwh1nsUFGZP3zn,182260
2017-07-04,ar,1,0qYTZCo5Bwh1nsUFGZP3zn,189074
2017-07-05,ar,1,0qYTZCo5Bwh1nsUFGZP3zn,189680
2017-07-06,ar,1,0qYTZCo5Bwh1nsUFGZP3zn,192677
2017-07-07,ar,1,6De0lHrwBfPfrhorm9q1Xl,214795
2017-07-08,ar,1,0qYTZCo5Bwh1nsUFGZP3zn,233012
2017-07-09,ar,1,0qYTZCo5Bwh1nsUFGZP3zn,200835
2017-07-10,ar,1,6De0lHrwBfPfrhorm9q1Xl,180880
2017-07-11,ar,1,6De0lHrwBfPfrhorm9q1Xl,189475
2017-07-12,ar,1,6De0lHrwBfPfrhorm9q1Xl,194165
2017-07-13,ar,1,6De0lHrwBfPfrhorm9q1Xl,208790
2017-07-14,ar,1,6De0lHrwBfPfrhorm9q1Xl,218879
2017-07-15,ar,1,0qYTZCo5Bwh1nsUFGZP3zn,221817
2017-07-16,ar,1,0qYTZCo5Bwh1nsUFGZP3zn,185324
2017-07-17,ar,1,6De0lHrwBfPfrhorm9q1Xl,174084
2017-07-18,ar,1,2rb5MvYT7ZIxbKW5hfcHx8,182679
2017-07-19,ar,1,2rb5MvYT7ZIxbKW5hfcHx8,195737
2017-07-20,ar,1,2rb5MvYT7ZIxbKW5hfcHx8,218133
2017-07-21,ar,1,6De0lHrwBfPfrhorm9q1Xl,226724
2017-07-22,ar,1,2rb5MvYT7ZIxbKW5hfcHx8,224436
2017-07-23,ar,1,2rb5MvYT7ZIxbKW5hfcHx8,199653
2017-07-24,ar,1,2rb5MvYT7ZIxbKW5hfcHx8,198011
2017-07-25,ar,1,2rb5MvYT7ZIxbKW5hfcHx8,208836
2017-07-26,ar,1,2rb5MvYT7ZIxbKW5hfcHx8,208923
2017-07-27,ar,1,2rb5MvYT7ZIxbKW5hfcHx8,227461
2017-07-28,ar,1,2rb5MvYT7ZIxbKW5hfcHx8,252268
2017-07-29,ar,1,2rb5MvYT7ZIxbKW5hfcHx8,255774
2017-07-30,ar,1,2rb5MvYT7ZIxbKW5hfcHx8,204996
2017-07-31,ar,1,2rb5MvYT7ZIxbKW5hfcHx8,189820
2017-08-01,ar,1,2rb5MvYT7ZIxbKW5hfcHx8,194865
2017-08-02,ar,1,2rb5MvYT7ZIxbKW5hfcHx8,211554
2017-08-03,ar,1,2rb5MvYT7ZIxbKW5hfcHx8,216292
2017-08-04,ar,1,2rb5MvYT7ZIxbKW5hfcHx8,244798
2017-08-05,ar,1,2rb5MvYT7ZIxbKW5hfcHx8,267656
2017-08-06,ar,1,2rb5MvYT7ZIxbKW5hfcHx8,247630
2017-08-07,ar,1,2rb5MvYT7ZIxbKW5hfcHx8,207550
2017-08-08,ar,1,2rb5MvYT7ZIxbKW5hfcHx8,205292
2017-08-09,ar,1,2rb5MvYT7ZIxbKW5hfcHx8,209632
2017-08-10,ar,1,2rb5MvYT7ZIxbKW5hfcHx8,213334
2017-08-11,ar,1,2rb5MvYT7ZIxbKW5hfcHx8,241209
2017-08-12,ar,1,2rb5MvYT7ZIxbKW5hfcHx8,264539
2017-08-13,ar,1,2rb5MvYT7ZIxbKW5hfcHx8,234977
2017-08-14,ar,1,2rb5MvYT7ZIxbKW5hfcHx8,205727
2017-08-15,ar,1,2rb5MvYT7ZIxbKW5hfcHx8,214182
2017-08-16,ar,1,2rb5MvYT7ZIxbKW5hfcHx8,213339
2017-08-17,ar,1,2rb5MvYT7ZIxbKW5hfcHx8,219359
2017-08-18,ar,1,2rb5MvYT7ZIxbKW5hfcHx8,249467
2017-08-19,ar,1,2rb5MvYT7ZIxbKW5hfcHx8,263513
2017-08-20,ar,1,2rb5MvYT7ZIxbKW5hfcHx8,245179
2017-08-21,ar,1,2rb5MvYT7ZIxbKW5hfcHx8,210345
2017-08-22,ar,1,2rb5MvYT7ZIxbKW5hfcHx8,188475
2017-08-23,ar,1,2rb5MvYT7ZIxbKW5hfcHx8,198932
2017-08-24,ar,1,2rb5MvYT7ZIxbKW5hfcHx8,206531
2017-08-25,ar,1,2rb5MvYT7ZIxbKW5hfcHx8,213844
2017-08-26,ar,1,2rb5MvYT7ZIxbKW5hfcHx8,247121
2017-08-27,ar,1,2rb5MvYT7ZIxbKW5hfcHx8,200990
2017-08-28,ar,1,2rb5MvYT7ZIxbKW5hfcHx8,184025
2017-08-29,ar,1,2rb5MvYT7ZIxbKW5hfcHx8,185358
2017-08-30,ar,1,2rb5MvYT7ZIxbKW5hfcHx8,191562
2017-08-31,ar,1,2rb5MvYT7ZIxbKW5hfcHx8,188443
2017-09-01,ar,1,2rb5MvYT7ZIxbKW5hfcHx8,217999
2017-09-02,ar,1,2rb5MvYT7ZIxbKW5hfcHx8,246304
2017-09-03,ar,1,2rb5MvYT7ZIxbKW5hfcHx8,203242
2017-09-04,ar,1,2rb5MvYT7ZIxbKW5hfcHx8,169889
2017-09-05,ar,1,2rb5MvYT7ZIxbKW5hfcHx8,175282
2017-09-06,ar,1,2rb5MvYT7ZIxbKW5hfcHx8,177815
2017-09-07,ar,1,2rb5MvYT7ZIxbKW5hfcHx8,189788
2017-09-08,ar,1,2rb5MvYT7ZIxbKW5hfcHx8,206552
2017-09-09,ar,1,2rb5MvYT7ZIxbKW5hfcHx8,215868
2017-09-10,ar,1,2rb5MvYT7ZIxbKW5hfcHx8,180179
2017-09-11,ar,1,2rb5MvYT7ZIxbKW5hfcHx8,180384
2017-09-12,ar,1,2rb5MvYT7ZIxbKW5hfcHx8,171479
2017-09-13,ar,1,2rb5MvYT7ZIxbKW5hfcHx8,176020
2017-09-14,ar,1,2rb5MvYT7ZIxbKW5hfcHx8,186854
2017-09-15,ar,1,1m69ELEgE6k5ZWsap40ozt,197358
2017-09-16,ar,1,2rb5MvYT7ZIxbKW5hfcHx8,229099
2017-09-17,ar,1,2rb5MvYT7ZIxbKW5hfcHx8,202918
2017-09-18,ar,1,1m69ELEgE6k5ZWsap40ozt,186448
2017-09-19,ar,1,1m69ELEgE6k5ZWsap40ozt,198118
2017-09-20,ar,1,1m69ELEgE6k5ZWsap40ozt,205849
2017-09-21,ar,1,1m69ELEgE6k5ZWsap40ozt,201429
2017-09-22,ar,1,1m69ELEgE6k5ZWsap40ozt,212612
2017-09-23,ar,1,1m69ELEgE6k5ZWsap40ozt,232882
2017-09-24,ar,1,2SmgFAhQkQCQPyBiBxR6Te,212038
2017-09-25,ar,1,2SmgFAhQkQCQPyBiBxR6Te,206392
2017-09-26,ar,1,2SmgFAhQkQCQPyBiBxR6Te,201956
2017-09-27,ar,1,2SmgFAhQkQCQPyBiBxR6Te,205740
2017-09-28,ar,1,2SmgFAhQkQCQPyBiBxR6Te,210679
2017-09-29,ar,1,2SmgFAhQkQCQPyBiBxR6Te,241773
2017-09-30,ar,1,2SmgFAhQkQCQPyBiBxR6Te,272121
2017-10-01,ar,1,2SmgFAhQkQCQPyBiBxR6Te,225860
2017-10-02,ar,1,2SmgFAhQkQCQPyBiBxR6Te,220630
2017-10-03,ar,1,2SmgFAhQkQCQPyBiBxR6Te,238151
2017-10-04,ar,1,2SmgFAhQkQCQPyBiBxR6Te,249484
2017-10-05,ar,1,2SmgFAhQkQCQPyBiBxR6Te,247847
2017-10-06,ar,1,2SmgFAhQkQCQPyBiBxR6Te,268656
2017-10-07,ar,1,2SmgFAhQkQCQPyBiBxR6Te,303735
2017-10-08,ar,1,2SmgFAhQkQCQPyBiBxR6Te,265247
2017-10-09,ar,1,2SmgFAhQkQCQPyBiBxR6Te,241501
2017-10-10,ar,1,2SmgFAhQkQCQPyBiBxR6Te,241235
2017-10-11,ar,1,2SmgFAhQkQCQPyBiBxR6Te,234782
2017-10-12,ar,1,2SmgFAhQkQCQPyBiBxR6Te,237418
2017-10-13,ar,1,2SmgFAhQkQCQPyBiBxR6Te,277783
2017-10-14,ar,1,2SmgFAhQkQCQPyBiBxR6Te,326625
2017-10-15,ar,1,2SmgFAhQkQCQPyBiBxR6Te,308399
2017-10-16,ar,1,2SmgFAhQkQCQPyBiBxR6Te,286627
2017-10-17,ar,1,2SmgFAhQkQCQPyBiBxR6Te,262538
2017-10-18,ar,1,2SmgFAhQkQCQPyBiBxR6Te,258281
2017-10-19,ar,1,2SmgFAhQkQCQPyBiBxR6Te,264283
2017-10-20,ar,1,2SmgFAhQkQCQPyBiBxR6Te,302901
2017-10-21,ar,1,2SmgFAhQkQCQPyBiBxR6Te,323732
2017-10-22,ar,1,2SmgFAhQkQCQPyBiBxR6Te,286433
2017-10-23,ar,1,2SmgFAhQkQCQPyBiBxR6Te,243603
2017-10-24,ar,1,2SmgFAhQkQCQPyBiBxR6Te,260274
2017-10-25,ar,1,2SmgFAhQkQCQPyBiBxR6Te,267879
2017-10-26,ar,1,2SmgFAhQkQCQPyBiBxR6Te,274138
2017-10-27,ar,1,2SmgFAhQkQCQPyBiBxR6Te,290334
2017-10-28,ar,1,2SmgFAhQkQCQPyBiBxR6Te,328398
2017-10-29,ar,1,2SmgFAhQkQCQPyBiBxR6Te,272992
2017-10-30,ar,1,2SmgFAhQkQCQPyBiBxR6Te,232874
2017-10-31,ar,1,2SmgFAhQkQCQPyBiBxR6Te,248655
2017-11-01,ar,1,2SmgFAhQkQCQPyBiBxR6Te,239862
2017-11-02,ar,1,2SmgFAhQkQCQPyBiBxR6Te,243436
2017-11-03,ar,1,2SmgFAhQkQCQPyBiBxR6Te,283677
2017-11-04,ar,1,2SmgFAhQkQCQPyBiBxR6Te,319448
2017-11-05,ar,1,2SmgFAhQkQCQPyBiBxR6Te,273501
2017-11-06,ar,1,2SmgFAhQkQCQPyBiBxR6Te,232932
2017-11-07,ar,1,2SmgFAhQkQCQPyBiBxR6Te,232246
2017-11-08,ar,1,2SmgFAhQkQCQPyBiBxR6Te,239789
2017-11-09,ar,1,2SmgFAhQkQCQPyBiBxR6Te,250564
2017-11-10,ar,1,6Za3190Sbw39BBC77WSS1C,281842
2017-11-11,ar,1,6Za3190Sbw39BBC77WSS1C,307292
2017-11-12,ar,1,6Za3190Sbw39BBC77WSS1C,285471
2017-11-13,ar,1,6Za3190Sbw39BBC77WSS1C,225140
2017-11-14,ar,1,6Za3190Sbw39BBC77WSS1C,236455
2017-11-15,ar,1,6Za3190Sbw39BBC77WSS1C,231237
2017-11-16,ar,1,6Za3190Sbw39BBC77WSS1C,231086
2017-11-17,ar,1,6Za3190Sbw39BBC77WSS1C,269523
2017-11-18,ar,1,6Za3190Sbw39BBC77WSS1C,296962
2017-11-19,ar,1,6Za3190Sbw39BBC77WSS1C,279450
2017-11-20,ar,1,6Za3190Sbw39BBC77WSS1C,217000
2017-11-21,ar,1,6Za3190Sbw39BBC77WSS1C,223127
2017-11-22,ar,1,6Za3190Sbw39BBC77WSS1C,227523
2017-11-23,ar,1,6Za3190Sbw39BBC77WSS1C,227025
2017-11-24,ar,1,6Za3190Sbw39BBC77WSS1C,248891
2017-11-25,ar,1,6Za3190Sbw39BBC77WSS1C,285234
2017-11-26,ar,1,6Za3190Sbw39BBC77WSS1C,262170
2017-11-27,ar,1,5hcisvFMidkMJlElTO9Qmw,221603
2017-11-28,ar,1,5hcisvFMidkMJlElTO9Qmw,235380
2017-11-29,ar,1,5hcisvFMidkMJlElTO9Qmw,240763
2017-11-30,ar,1,5hcisvFMidkMJlElTO9Qmw,247647
2017-12-01,ar,1,5hcisvFMidkMJlElTO9Qmw,268648
2017-12-02,ar,1,5hcisvFMidkMJlElTO9Qmw,273171
2017-12-03,ar,1,5hcisvFMidkMJlElTO9Qmw,227053
2017-12-04,ar,1,5hcisvFMidkMJlElTO9Qmw,229811
2017-12-05,ar,1,5hcisvFMidkMJlElTO9Qmw,240130
2017-12-06,ar,1,5hcisvFMidkMJlElTO9Qmw,244419
2017-12-07,ar,1,5hcisvFMidkMJlElTO9Qmw,257144
2017-12-08,ar,1,5hcisvFMidkMJlElTO9Qmw,263037
2017-12-09,ar,1,5hcisvFMidkMJlElTO9Qmw,266907
2017-12-10,ar,1,6Za3190Sbw39BBC77WSS1C,243329
2017-12-11,ar,1,5hcisvFMidkMJlElTO9Qmw,227497
2017-12-12,ar,1,4lESS6vuruP6a79KWRaQou,229875
2017-12-13,ar,1,4lESS6vuruP6a79KWRaQou,226456
2017-12-14,ar,1,4lESS6vuruP6a79KWRaQou,235706
2017-12-15,ar,1,4lESS6vuruP6a79KWRaQou,263486
2017-12-16,ar,1,4lESS6vuruP6a79KWRaQou,264733
2017-12-17,ar,1,4lESS6vuruP6a79KWRaQou,224615
2017-12-18,ar,1,4lESS6vuruP6a79KWRaQou,214240
2017-12-19,ar,1,4lESS6vuruP6a79KWRaQou,214292
2017-12-20,ar,1,4lESS6vuruP6a79KWRaQou,258529
2017-12-21,ar,1,4lESS6vuruP6a79KWRaQou,256706
2017-12-22,ar,1,4lESS6vuruP6a79KWRaQou,285038
2017-12-23,ar,1,4lESS6vuruP6a79KWRaQou,290416
2017-12-24,ar,1,4lESS6vuruP6a79KWRaQou,353490
2017-12-25,ar,1,4lESS6vuruP6a79KWRaQou,370307
2017-12-26,ar,1,4lESS6vuruP6a79KWRaQou,264170
2017-12-27,ar,1,4lESS6vuruP6a79KWRaQou,269698
2017-12-28,ar,1,4lESS6vuruP6a79KWRaQou,282504
2017-12-29,ar,1,4lESS6vuruP6a79KWRaQou,304566
2017-12-30,ar,1,4lESS6vuruP6a79KWRaQou,329224
2017-12-31,ar,1,4lESS6vuruP6a79KWRaQou,326806
2018-01-01,ar,1,4lESS6vuruP6a79KWRaQou,357511
2018-01-02,ar,1,4lESS6vuruP6a79KWRaQou,251701
2018-01-03,ar,1,4lESS6vuruP6a79KWRaQou,263661
2018-01-04,ar,1,4lESS6vuruP6a79KWRaQou,263006
2018-01-05,ar,1,4lESS6vuruP6a79KWRaQou,264644
2018-01-06,ar,1,4lESS6vuruP6a79KWRaQou,303596
2018-01-07,ar,1,4lESS6vuruP6a79KWRaQou,287079
2018-01-08,ar,1,4lESS6vuruP6a79KWRaQou,257239
2018-01-09,ar,1,4lESS6vuruP6a79KWRaQou,261479
2018-01-10,ar,1,4lESS6vuruP6a79KWRaQou,261739
2018-01-11,ar,1,4lESS6vuruP6a79KWRaQou,259354
2018-01-12,ar,1,4lESS6vuruP6a79KWRaQou,263350
2018-01-13,ar,1,4lESS6vuruP6a79KWRaQou,270860
2018-01-14,ar,1,4lESS6vuruP6a79KWRaQou,240041
2018-01-15,ar,1,4lESS6vuruP6a79KWRaQou,247152
2018-01-16,ar,1,4lESS6vuruP6a79KWRaQou,254384
2018-01-17,ar,1,4lESS6vuruP6a79KWRaQou,245320
2018-01-18,ar,1,4lESS6vuruP6a79KWRaQou,251537
2018-01-19,ar,1,4lESS6vuruP6a79KWRaQou,269128
2018-01-20,ar,1,4lESS6vuruP6a79KWRaQou,286517
2018-01-21,ar,1,4lESS6vuruP6a79KWRaQou,261998
2018-01-22,ar,1,4R55IUi2x7S5ek2SpebOiE,229660
2018-01-23,ar,1,4R55IUi2x7S5ek2SpebOiE,241499
2018-01-24,ar,1,4R55IUi2x7S5ek2SpebOiE,243929
2018-01-25,ar,1,4R55IUi2x7S5ek2SpebOiE,250994
2018-01-26,ar,1,4R55IUi2x7S5ek2SpebOiE,274414
2018-01-27,ar,1,4R55IUi2x7S5ek2SpebOiE,292472
2018-01-28,ar,1,4R55IUi2x7S5ek2SpebOiE,283734
2018-01-29,ar,1,4R55IUi2x7S5ek2SpebOiE,263843
2018-01-30,ar,1,4R55IUi2x7S5ek2SpebOiE,269629
2018-01-31,ar,1,4R55IUi2x7S5ek2SpebOiE,268666
2018-02-01,ar,1,4R55IUi2x7S5ek2SpebOiE,274774
2018-02-02,ar,1,4R55IUi2x7S5ek2SpebOiE,297288
2018-02-03,ar,1,4R55IUi2x7S5ek2SpebOiE,335714
2018-02-04,ar,1,4R55IUi2x7S5ek2SpebOiE,303104
2018-02-05,ar,1,2j2fIJGh4PMdXt9ULI5Tlc,297483
